{
  "users": [
     {
       "username": "admin",
       "password": "4abb806d8a2496f726198403e6e175ffbfce51054638da442cd2bd45efe0baf9",
       "typingStats": {
         "averageWPM": 78.2,
         "WPMList": [70, 80, 90, 75,79,78,83,65,91,71],
         "totalPlayTimeInSeconds": 1542,
         "totalTestsTaken": 10,
         "totalWordsTyped": 500,
         "totalCharactersTyped": 2500
       }
     },
     {
       "username": "user1",
       "password": "0b14d501a594442a01c6859541bcb3e8164d183d32937b851835442f69d5c94e",
       "typingStats": {
         "averageWPM": 22,
         "WPMList": [50, 40,20,23,54,34],
         "totalPlayTimeInSeconds":62,
         "totalTestsTaken": 6,
         "totalWordsTyped": 400,
         "totalCharactersTyped": 2000
       }
     }
  ]
 }